id,source_website,source_label,source_url,geo_validation,author,review_date,rating,sentiment,review_text,tier1,tier2,tier3
rvw-000067,birdeye.com,Birdeye (Google),https://reviews.birdeye.com/americas-auto-auction-boston-175285312088477#review-2,birdeye_us_profile,Rj Jr,2026-06-25,,positive,"Angelica is such a great help, she can get issues solved smoothly, the Auction is very well organized with a nice friendly environment.",Membership / Licensing / Fees & Bidding Policies,"Bidding Process, Rules and Fees",How to Bid (First Time)
rvw-000068,birdeye.com,Birdeye (Google),https://reviews.birdeye.com/americas-auto-auction-atlanta-175285312123278#review-1,birdeye_us_profile,Libass Thiam,2026-06-02,,negative,"I have been doing business over a decade without complaint until today after I bought my 5th car in a row with them on green light. It happened that after I requested for a Psi over the phone the same day I purchased the cars and even the week after which means last week I called several times to get my Psi results and could not get them to do it til a coworker who works with me check that we have that car in our inventory and pick it up drove 20 miles and the engine oil, coolant and all starts licking. My issues is I will n... read more","Lot Condition, Listing Status and related",Listing Status,Selling/ Relisting vehicle or Parts purchase
rvw-000069,birdeye.com,Birdeye (Google),https://reviews.birdeye.com/americas-auto-auction-atlanta-175285312123278#review-2,birdeye_us_profile,All Things Porsche,2026-06-02,,positive,I wish I could leave the team here 500 starts. One of the best auctions I have ever had the pleasure of dealing with. Always responsive to all requests and emails. Forget 500 starts -- how about 5000!!!!,Customer Service & Communication,Agent Professionalism & Responsiveness,Helpful Support Experience
rvw-000070,birdeye.com,Birdeye (Google),https://reviews.birdeye.com/americas-auto-auction-greater-kalamazoo-175285312088026#review-2,birdeye_us_profile,Peter Schultz,2026-06-02,,negative,"Friendly people, but astronomical fees. Paid $15100 for a green light gold certified car and ended up with an $845 fee including a $75 online bid fee. Really? Adesa only charges $50 for this ridiculous money grab! But the base fee was over $700 for a car that should have had a $550 fee anywhere else. So buyers, be ready to add a few hundred to your fees when bidding here.",Membership / Licensing / Fees & Bidding Policies,"Bidding Process, Rules and Fees",Fees
rvw-000057,birdeye.com,Birdeye (Google),https://reviews.birdeye.com/americas-auto-auction-atlanta-175285312123278#review-1,birdeye_us_profile,Devein Grubbs,2026-05-27,,positive,Real slow auction. Don’t recommend going.,Membership / Licensing / Fees & Bidding Policies,"Bidding Process, Rules and Fees",How to Bid (First Time)
rvw-000058,birdeye.com,Birdeye (Google),https://reviews.birdeye.com/americas-auto-auction-greater-kalamazoo-175285312088026#review-2,birdeye_us_profile,Peter Schultz,2026-05-27,,negative,"Friendly people, but astronomical fees. Paid $15100 for a green light gold certified car and ended up with an $845 fee including a $75 online bid fee. Really? Adesa only charges $50 for this ridiculous money grab! But the base fee was over $700 for a car that should have had a $550 fee anywhere else. So buyers, be ready to add a few hundred to your fees when bidding here.",Membership / Licensing / Fees & Bidding Policies,"Bidding Process, Rules and Fees",Fees
rvw-000046,birdeye.com,Birdeye (Google),https://reviews.birdeye.com/americas-auto-auction-greater-kalamazoo-175285312088026#review-2,birdeye_us_profile,Peter Schultz,2026-05-17,,negative,"Friendly people, but astronomical fees. Paid $15100 for a green light gold certified car and ended up with an $845 fee including a $75 online bid fee. Really? Adesa only charges $50 for this ridiculous money grab! But the base fee was over $700 for a car that should have had a $550 fee anywhere else. So buyers, be ready to add a few hundred to your fees when bidding here.",Membership / Licensing / Fees & Bidding Policies,"Bidding Process, Rules and Fees",Fees
rvw-000047,birdeye.com,Birdeye (Google),https://reviews.birdeye.com/americas-auto-auction-atlanta-175285312123278#review-1,birdeye_us_profile,Devein Grubbs,2026-05-15,,positive,Real slow auction. Don’t recommend going.,Membership / Licensing / Fees & Bidding Policies,"Bidding Process, Rules and Fees",How to Bid (First Time)
rvw-000071,birdeye.com,Birdeye (Google),https://reviews.birdeye.com/americas-auto-auction-atlanta-175285312123278#review-4,birdeye_us_profile,Devein Grubbs,2026-05-03,,positive,Real slow auction. Don’t recommend going.,Membership / Licensing / Fees & Bidding Policies,"Bidding Process, Rules and Fees",How to Bid (First Time)
rvw-000036,birdeye.com,Birdeye (Google),https://reviews.birdeye.com/americas-auto-auction-atlanta-175285312123278#review-1,birdeye_us_profile,Devein Grubbs,2026-04-30,,positive,Real slow auction. Don’t recommend going.,Membership / Licensing / Fees & Bidding Policies,"Bidding Process, Rules and Fees",How to Bid (First Time)
rvw-000048,birdeye.com,Birdeye (Google),https://reviews.birdeye.com/americas-auto-auction-kansas-city-175285312126035#review-4,birdeye_us_profile,Michael Campbell,2026-04-15,,negative,"Biggest joke of an auction, went at 745am on auction day. They don’t have keys on cars to look at them, 70% of the cars I was looking at were locked. Don’t waste your time here Along with OUTRAGEOUS buy fees. Works out to be 3-4x in buy fees than any other auction",Membership / Licensing / Fees & Bidding Policies,"Bidding Process, Rules and Fees",Fees
rvw-000037,birdeye.com,Birdeye (Google),https://reviews.birdeye.com/americas-auto-auction-kansas-city-175285312126035#review-4,birdeye_us_profile,Michael Campbell,2026-04-02,,negative,"Biggest joke of an auction, went at 745am on auction day. They don’t have keys on cars to look at them, 70% of the cars I was looking at were locked. Don’t waste your time here Along with OUTRAGEOUS buy fees. Works out to be 3-4x in buy fees than any other auction",Membership / Licensing / Fees & Bidding Policies,"Bidding Process, Rules and Fees",Fees
rvw-000025,birdeye.com,Birdeye (Google),https://reviews.birdeye.com/americas-auto-auction-kansas-city-175285312126035#review-4,birdeye_us_profile,Michael Campbell,2026-03-29,,negative,"Biggest joke of an auction, went at 745am on auction day. They don’t have keys on cars to look at them, 70% of the cars I was looking at were locked. Don’t waste your time here Along with OUTRAGEOUS buy fees. Works out to be 3-4x in buy fees than any other auction",Membership / Licensing / Fees & Bidding Policies,"Bidding Process, Rules and Fees",Fees
rvw-000059,birdeye.com,Birdeye (Google),https://reviews.birdeye.com/americas-auto-auction-boston-175285312088477#review-3,birdeye_us_profile,Denis Carvalho,2026-03-28,,negative,"Fees for either buyer and sellers are insanely high, and undisclosed when even asked if you are a seller.",Membership / Licensing / Fees & Bidding Policies,"Bidding Process, Rules and Fees",Fees
rvw-000001,birdeye.com,Birdeye (Google),https://reviews.birdeye.com/americas-auto-auction-kansas-city-175285312126035#review-2,birdeye_us_profile,Michael Campbell,2026-03-27,,negative,"Biggest joke of an auction, went at 745am on auction day. They don’t have keys on cars to look at them, 70% of the cars I was looking at were locked. Don’t waste your time here Along with OUTRAGEOUS buy fees. Works out to be 3-4x in buy fees than any other auction",Membership / Licensing / Fees & Bidding Policies,"Bidding Process, Rules and Fees",Fees
rvw-000002,birdeye.com,Birdeye (Google),https://reviews.birdeye.com/americas-auto-auction-kansas-city-175285312126035?page=2#review-2,birdeye_us_profile,Michael Campbell,2026-03-27,,negative,"Biggest joke of an auction, went at 745am on auction day. They don’t have keys on cars to look at them, 70% of the cars I was looking at were locked. Don’t waste your time here Along with OUTRAGEOUS buy fees. Works out to be 3-4x in buy fees than any other auction",Membership / Licensing / Fees & Bidding Policies,"Bidding Process, Rules and Fees",Fees
rvw-000003,birdeye.com,Birdeye (Google),https://reviews.birdeye.com/americas-auto-auction-boston-175285312088477#review-2,birdeye_us_profile,Denis Carvalho,2026-03-18,,negative,"Fees for either buyer and sellers are insanely high, and undisclosed when even asked if you are a seller.",Membership / Licensing / Fees & Bidding Policies,"Bidding Process, Rules and Fees",Fees
rvw-000004,birdeye.com,Birdeye (Google),https://reviews.birdeye.com/americas-auto-auction-boston-175285312088477?page=2#review-2,birdeye_us_profile,Denis Carvalho,2026-03-18,,negative,"Fees for either buyer and sellers are insanely high, and undisclosed when even asked if you are a seller.",Membership / Licensing / Fees & Bidding Policies,"Bidding Process, Rules and Fees",Fees
rvw-000049,birdeye.com,Birdeye (Google),https://reviews.birdeye.com/americas-auto-auction-boston-175285312088477#review-3,birdeye_us_profile,Denis Carvalho,2026-03-16,,negative,"Fees for either buyer and sellers are insanely high, and undisclosed when even asked if you are a seller.",Membership / Licensing / Fees & Bidding Policies,"Bidding Process, Rules and Fees",Fees
rvw-000072,birdeye.com,Birdeye (Google),https://reviews.birdeye.com/americas-auto-auction-166687512715050#review-5,birdeye_us_profile,David Schmucker,2026-03-04,,positive,Would not recommend. Staff is incredible dude and was yelling at me when making a delivery.,Customer Service & Communication,Agent Professionalism & Responsiveness,Helpful Support Experience
rvw-000038,birdeye.com,Birdeye (Google),https://reviews.birdeye.com/americas-auto-auction-166687512715050#review-5,birdeye_us_profile,David Schmucker,2026-03-03,,positive,Would not recommend. Staff is incredible dude and was yelling at me when making a delivery.,Customer Service & Communication,Agent Professionalism & Responsiveness,Helpful Support Experience
rvw-000039,birdeye.com,Birdeye (Google),https://reviews.birdeye.com/americas-auto-auction-boston-175285312088477#review-3,birdeye_us_profile,Denis Carvalho,2026-03-03,,negative,"Fees for either buyer and sellers are insanely high, and undisclosed when even asked if you are a seller.",Membership / Licensing / Fees & Bidding Policies,"Bidding Process, Rules and Fees",Fees
rvw-000040,birdeye.com,Birdeye (Google),https://reviews.birdeye.com/americas-auto-auction-boston-175285312088477#review-4,birdeye_us_profile,Bob Richy sucks,2026-03-03,,negative,Do not by from this place they will knowing stick you with a bad car. Nobody knows what they are doing. Arbitration is a joke they will spend days looking at a car to tell you nope you own it .They have a machinic from herb chambers using 'parts cleaner' to spray off oil leaks to make the vehicles look as if they have no leaks. Put what you buy in post sale ? Dont bother if its bad they will send it to you no matter what or not even put it in the building and charge the customers anyways the little guy running the place shou... read more,Membership / Licensing / Fees & Bidding Policies,"Bidding Process, Rules and Fees",Fees
rvw-000060,birdeye.com,Birdeye (Google),https://reviews.birdeye.com/americas-auto-auction-166687512715050#review-5,birdeye_us_profile,David Schmucker,2026-02-26,,positive,Would not recommend. Staff is incredible dude and was yelling at me when making a delivery.,Customer Service & Communication,Agent Professionalism & Responsiveness,Helpful Support Experience
rvw-000061,birdeye.com,Birdeye (Google),https://reviews.birdeye.com/americas-auto-auction-boston-175285312088477#review-4,birdeye_us_profile,Bob Richy sucks,2026-02-26,,negative,Do not by from this place they will knowing stick you with a bad car. Nobody knows what they are doing. Arbitration is a joke they will spend days looking at a car to tell you nope you own it .They have a machinic from herb chambers using 'parts cleaner' to spray off oil leaks to make the vehicles look as if they have no leaks. Put what you buy in post sale ? Dont bother if its bad they will send it to you no matter what or not even put it in the building and charge the customers anyways the little guy running the place shou... read more,Membership / Licensing / Fees & Bidding Policies,"Bidding Process, Rules and Fees",Fees
rvw-000026,birdeye.com,Birdeye (Google),https://reviews.birdeye.com/americas-auto-auction-166687512715050#review-3,birdeye_us_profile,David Schmucker,2026-02-25,,positive,Would not recommend. Staff is incredible dude and was yelling at me when making a delivery.,Customer Service & Communication,Agent Professionalism & Responsiveness,Helpful Support Experience
rvw-000027,birdeye.com,Birdeye (Google),https://reviews.birdeye.com/americas-auto-auction-atlanta-175285312123278#review-3,birdeye_us_profile,Nadeem Akbar Khan,2026-02-25,,positive,"Miss Olivia is the best!!!!! Always there to help very humble!!! America’s Auto Auction is a great place to do business! Very organized, professional staff, and the process is always smooth. The team is helpful, communication is clear, and they make buying and selling vehicles easy. Inventory selection is solid and transactions are handled efficiently. Highly recommend for any dealers looking for a reliable auction! Love New Age Auto Sales.",Customer Service & Communication,Agent Professionalism & Responsiveness,Helpful Support Experience
rvw-000028,birdeye.com,Birdeye (Google),https://reviews.birdeye.com/americas-auto-auction-atlanta-175285312123278#review-4,birdeye_us_profile,Erick Respert,2026-02-25,,positive,Very clean and organized auction! Great experience! The team is very helpful as well..,Customer Service & Communication,Agent Professionalism & Responsiveness,Helpful Support Experience
rvw-000029,birdeye.com,Birdeye (Google),https://reviews.birdeye.com/americas-auto-auction-boston-175285312088477#review-2,birdeye_us_profile,Denis Carvalho,2026-02-25,,negative,"Fees for either buyer and sellers are insanely high, and undisclosed when even asked if you are a seller.",Membership / Licensing / Fees & Bidding Policies,"Bidding Process, Rules and Fees",Fees
rvw-000030,birdeye.com,Birdeye (Google),https://reviews.birdeye.com/americas-auto-auction-boston-175285312088477#review-3,birdeye_us_profile,Bob Richy sucks,2026-02-25,,negative,Do not by from this place they will knowing stick you with a bad car. Nobody knows what they are doing. Arbitration is a joke they will spend days looking at a car to tell you nope you own it .They have a machinic from herb chambers using 'parts cleaner' to spray off oil leaks to make the vehicles look as if they have no leaks. Put what you buy in post sale ? Dont bother if its bad they will send it to you no matter what or not even put it in the building and charge the customers anyways the little guy running the place shou... read more,Membership / Licensing / Fees & Bidding Policies,"Bidding Process, Rules and Fees",Fees
rvw-000005,birdeye.com,Birdeye (Google),https://reviews.birdeye.com/americas-auto-auction-166687512715050#review-3,birdeye_us_profile,David Schmucker,2026-02-16,,positive,Would not recommend. Staff is incredible dude and was yelling at me when making a delivery.,Customer Service & Communication,Agent Professionalism & Responsiveness,Helpful Support Experience
rvw-000006,birdeye.com,Birdeye (Google),https://reviews.birdeye.com/americas-auto-auction-166687512715050?page=2#review-3,birdeye_us_profile,David Schmucker,2026-02-16,,positive,Would not recommend. Staff is incredible dude and was yelling at me when making a delivery.,Customer Service & Communication,Agent Professionalism & Responsiveness,Helpful Support Experience
rvw-000007,birdeye.com,Birdeye (Google),https://reviews.birdeye.com/americas-auto-auction-atlanta-175285312123278#review-3,birdeye_us_profile,Nadeem Akbar Khan,2026-02-16,,positive,"Miss Olivia is the best!!!!! Always there to help very humble!!! America’s Auto Auction is a great place to do business! Very organized, professional staff, and the process is always smooth. The team is helpful, communication is clear, and they make buying and selling vehicles easy. Inventory selection is solid and transactions are handled efficiently. Highly recommend for any dealers looking for a reliable auction! Love New Age Auto Sales.",Customer Service & Communication,Agent Professionalism & Responsiveness,Helpful Support Experience
rvw-000008,birdeye.com,Birdeye (Google),https://reviews.birdeye.com/americas-auto-auction-atlanta-175285312123278#review-4,birdeye_us_profile,Erick Respert,2026-02-16,,positive,Very clean and organized auction! Great experience! The team is very helpful as well..,Customer Service & Communication,Agent Professionalism & Responsiveness,Helpful Support Experience
rvw-000009,birdeye.com,Birdeye (Google),https://reviews.birdeye.com/americas-auto-auction-atlanta-175285312123278?page=2#review-3,birdeye_us_profile,Nadeem Akbar Khan,2026-02-16,,positive,"Miss Olivia is the best!!!!! Always there to help very humble!!! America’s Auto Auction is a great place to do business! Very organized, professional staff, and the process is always smooth. The team is helpful, communication is clear, and they make buying and selling vehicles easy. Inventory selection is solid and transactions are handled efficiently. Highly recommend for any dealers looking for a reliable auction! Love New Age Auto Sales.",Customer Service & Communication,Agent Professionalism & Responsiveness,Helpful Support Experience
rvw-000010,birdeye.com,Birdeye (Google),https://reviews.birdeye.com/americas-auto-auction-atlanta-175285312123278?page=2#review-4,birdeye_us_profile,Erick Respert,2026-02-16,,positive,Very clean and organized auction! Great experience! The team is very helpful as well..,Customer Service & Communication,Agent Professionalism & Responsiveness,Helpful Support Experience
rvw-000011,birdeye.com,Birdeye (Google),https://reviews.birdeye.com/americas-auto-auction-boston-175285312088477#review-3,birdeye_us_profile,Bob Richy sucks,2026-02-16,,negative,Do not by from this place they will knowing stick you with a bad car. Nobody knows what they are doing. Arbitration is a joke they will spend days looking at a car to tell you nope you own it .They have a machinic from herb chambers using 'parts cleaner' to spray off oil leaks to make the vehicles look as if they have no leaks. Put what you buy in post sale ? Dont bother if its bad they will send it to you no matter what or not even put it in the building and charge the customers anyways the little guy running the place shou... read more,Membership / Licensing / Fees & Bidding Policies,"Bidding Process, Rules and Fees",Fees
rvw-000012,birdeye.com,Birdeye (Google),https://reviews.birdeye.com/americas-auto-auction-boston-175285312088477?page=2#review-3,birdeye_us_profile,Bob Richy sucks,2026-02-16,,negative,Do not by from this place they will knowing stick you with a bad car. Nobody knows what they are doing. Arbitration is a joke they will spend days looking at a car to tell you nope you own it .They have a machinic from herb chambers using 'parts cleaner' to spray off oil leaks to make the vehicles look as if they have no leaks. Put what you buy in post sale ? Dont bother if its bad they will send it to you no matter what or not even put it in the building and charge the customers anyways the little guy running the place shou... read more,Membership / Licensing / Fees & Bidding Policies,"Bidding Process, Rules and Fees",Fees
rvw-000050,birdeye.com,Birdeye (Google),https://reviews.birdeye.com/americas-auto-auction-166687512715050#review-5,birdeye_us_profile,David Schmucker,2026-02-14,,positive,Would not recommend. Staff is incredible dude and was yelling at me when making a delivery.,Customer Service & Communication,Agent Professionalism & Responsiveness,Helpful Support Experience
rvw-000051,birdeye.com,Birdeye (Google),https://reviews.birdeye.com/americas-auto-auction-boston-175285312088477#review-4,birdeye_us_profile,Bob Richy sucks,2026-02-14,,negative,Do not by from this place they will knowing stick you with a bad car. Nobody knows what they are doing. Arbitration is a joke they will spend days looking at a car to tell you nope you own it .They have a machinic from herb chambers using 'parts cleaner' to spray off oil leaks to make the vehicles look as if they have no leaks. Put what you buy in post sale ? Dont bother if its bad they will send it to you no matter what or not even put it in the building and charge the customers anyways the little guy running the place shou... read more,Membership / Licensing / Fees & Bidding Policies,"Bidding Process, Rules and Fees",Fees
rvw-000052,birdeye.com,Birdeye (Google),https://reviews.birdeye.com/americas-auto-auction-greater-kalamazoo-175285312088026#review-4,birdeye_us_profile,BOBBY STONE v.c.,2026-02-14,,positive,Awesome Experience to meet these guys!! Great doing business with the staff!!,Customer Service & Communication,Agent Professionalism & Responsiveness,Helpful Support Experience
rvw-000073,birdeye.com,Birdeye (Google),https://reviews.birdeye.com/americas-auto-auction-greater-kalamazoo-175285312088026#review-4,birdeye_us_profile,BOBBY STONE v.c.,2026-02-02,,positive,Awesome Experience to meet these guys!! Great doing business with the staff!!,Customer Service & Communication,Agent Professionalism & Responsiveness,Helpful Support Experience
rvw-000041,birdeye.com,Birdeye (Google),https://reviews.birdeye.com/americas-auto-auction-greater-kalamazoo-175285312088026#review-2,birdeye_us_profile,BOBBY STONE v.c.,2026-02-01,,positive,Awesome Experience to meet these guys!! Great doing business with the staff!!,Customer Service & Communication,Agent Professionalism & Responsiveness,Helpful Support Experience
rvw-000062,birdeye.com,Birdeye (Google),https://reviews.birdeye.com/americas-auto-auction-greater-kalamazoo-175285312088026#review-4,birdeye_us_profile,BOBBY STONE v.c.,2026-01-27,,positive,Awesome Experience to meet these guys!! Great doing business with the staff!!,Customer Service & Communication,Agent Professionalism & Responsiveness,Helpful Support Experience
rvw-000031,birdeye.com,Birdeye (Google),https://reviews.birdeye.com/americas-auto-auction-greater-kalamazoo-175285312088026#review-2,birdeye_us_profile,BOBBY STONE v.c.,2026-01-26,,positive,Awesome Experience to meet these guys!! Great doing business with the staff!!,Customer Service & Communication,Agent Professionalism & Responsiveness,Helpful Support Experience
rvw-000013,bbb.org,BBB Complaints,https://www.bbb.org/us/il/centreville/profile/auto-auction/americas-auto-auction-0734-310446804/complaints#0734_310446804_24425575,bbb_us_business,BBB complainant,2026-01-21,1,negative,"Sales and Advertising Issues. On 10/9/25 bought a car from America's Auto Auction St. Louis . I have been trying to retrieve the title. When I checked online, it told me that my title is at the auction, but when I went to pick it up, it was not there. When I spoke to Angel REMOVED manager) she tells me that they cannot get the title because it has a lein on it and that I need to speak with the General manager ( REMOVED ). When I stated to her that the car should not have been sold without a clean title and that I have spent $2300 in parts and labor for the car, she then tells me that I should have never started working on it until I had the title in my hand, as if I was to blame. Now I am getting the run around from Angel REMOVED manager) who now keeps avoiding my calls. At this point, I don't beleive that she has been relaying my messages to the General manager because no one has reached out to me to have this issue resolved. Customer Answer Date: 02/13/2026 This complaint was resolved by the business.",Customer Service & Communication,Agent Professionalism & Responsiveness,Rude/Unhelpful Support
rvw-000074,bbb.org,BBB Complaints,http://www.bbb.org/us/il/centreville/profile/auto-auction/americas-auto-auction-0734-310446804/complaints#0734_310446804_24425575,bbb_us_business,BBB complainant,2026-01-21,1,negative,"Sales and Advertising Issues complaint (Resolved). On 10/9/25 bought a car from America's Auto Auction St. Louis . I have been trying to retrieve the title. When I checked online, it told me that my title is at the auction, but when I went to pick it up, it was not there. When I spoke to Angel REMOVED manager) she tells me that they cannot get the title because it has a lein on it and that I need to speak with the General manager (REMOVED). When I stated to her that the car should not have been sold without a clean title and that I have spent $2300 in parts and labor for the car, she then tells me that I should have never started working on it until I had the title in my hand, as if I was to blame. Now I am getting the run around from Angel REMOVED manager) who now keeps avoiding my calls. At this point, I don't beleive that she has been relaying my messages to the General manager because no one has reached out to me to have this issue resolved. #### Customer Answer **Date:**02/13/2026 This complaint was resolved by the business.",Customer Service & Communication,Agent Professionalism & Responsiveness,Rude/Unhelpful Support
rvw-000014,birdeye.com,Birdeye (Google),https://reviews.birdeye.com/americas-auto-auction-greater-kalamazoo-175285312088026#review-2,birdeye_us_profile,BOBBY STONE v.c.,2026-01-17,,positive,Awesome Experience to meet these guys!! Great doing business with the staff!!,Customer Service & Communication,Agent Professionalism & Responsiveness,Helpful Support Experience
rvw-000015,birdeye.com,Birdeye (Google),https://reviews.birdeye.com/americas-auto-auction-greater-kalamazoo-175285312088026?page=2#review-2,birdeye_us_profile,BOBBY STONE v.c.,2026-01-17,,positive,Awesome Experience to meet these guys!! Great doing business with the staff!!,Customer Service & Communication,Agent Professionalism & Responsiveness,Helpful Support Experience
rvw-000075,birdeye.com,Birdeye (Google),https://reviews.birdeye.com/americas-auto-auction-166658630045147#review-1,birdeye_us_profile,bassheadtahoe,2025-12-04,,negative,Its was either these people or the tow company that stole my multi thousand dollar audio system out of my car,"Vehicle Pickup, Delivery and Scheduling",Tow and Storage Charges,Tow and Storage Fees
rvw-000076,birdeye.com,Birdeye (Google),https://reviews.birdeye.com/americas-auto-auction-166658630045147#review-2,birdeye_us_profile,T Ashford,2025-12-04,,positive,"I love the atmosphere, no hassle. Workers are friendly and very helpful. It's like one big family with the buyers and sellers. Hassle free and awesome selection of cars.",Customer Service & Communication,Agent Professionalism & Responsiveness,Helpful Support Experience
rvw-000063,birdeye.com,Birdeye (Google),https://reviews.birdeye.com/americas-auto-auction-166658630045147#review-1,birdeye_us_profile,bassheadtahoe,2025-11-28,,negative,Its was either these people or the tow company that stole my multi thousand dollar audio system out of my car,"Vehicle Pickup, Delivery and Scheduling",Tow and Storage Charges,Tow and Storage Fees
rvw-000064,birdeye.com,Birdeye (Google),https://reviews.birdeye.com/americas-auto-auction-166658630045147#review-2,birdeye_us_profile,T Ashford,2025-11-28,,positive,"I love the atmosphere, no hassle. Workers are friendly and very helpful. It's like one big family with the buyers and sellers. Hassle free and awesome selection of cars.",Customer Service & Communication,Agent Professionalism & Responsiveness,Helpful Support Experience
rvw-000032,birdeye.com,Birdeye (Google),https://reviews.birdeye.com/americas-auto-auction-166658630045147#review-1,birdeye_us_profile,bassheadtahoe,2025-11-27,,negative,Its was either these people or the tow company that stole my multi thousand dollar audio system out of my car,"Vehicle Pickup, Delivery and Scheduling",Tow and Storage Charges,Tow and Storage Fees
rvw-000033,birdeye.com,Birdeye (Google),https://reviews.birdeye.com/americas-auto-auction-166658630045147#review-2,birdeye_us_profile,T Ashford,2025-11-27,,positive,"I love the atmosphere, no hassle. Workers are friendly and very helpful. It's like one big family with the buyers and sellers. Hassle free and awesome selection of cars.",Customer Service & Communication,Agent Professionalism & Responsiveness,Helpful Support Experience
rvw-000016,birdeye.com,Birdeye (Google),https://reviews.birdeye.com/americas-auto-auction-166658630045147#review-1,birdeye_us_profile,bassheadtahoe,2025-11-18,,negative,Its was either these people or the tow company that stole my multi thousand dollar audio system out of my car,"Vehicle Pickup, Delivery and Scheduling",Tow and Storage Charges,Tow and Storage Fees
rvw-000017,birdeye.com,Birdeye (Google),https://reviews.birdeye.com/americas-auto-auction-166658630045147#review-2,birdeye_us_profile,T Ashford,2025-11-18,,positive,"I love the atmosphere, no hassle. Workers are friendly and very helpful. It's like one big family with the buyers and sellers. Hassle free and awesome selection of cars.",Customer Service & Communication,Agent Professionalism & Responsiveness,Helpful Support Experience
rvw-000018,birdeye.com,Birdeye (Google),https://reviews.birdeye.com/americas-auto-auction-166658630045147?page=2#review-1,birdeye_us_profile,bassheadtahoe,2025-11-18,,negative,Its was either these people or the tow company that stole my multi thousand dollar audio system out of my car,"Vehicle Pickup, Delivery and Scheduling",Tow and Storage Charges,Tow and Storage Fees
rvw-000019,birdeye.com,Birdeye (Google),https://reviews.birdeye.com/americas-auto-auction-166658630045147?page=2#review-2,birdeye_us_profile,T Ashford,2025-11-18,,positive,"I love the atmosphere, no hassle. Workers are friendly and very helpful. It's like one big family with the buyers and sellers. Hassle free and awesome selection of cars.",Customer Service & Communication,Agent Professionalism & Responsiveness,Helpful Support Experience
rvw-000020,birdeye.com,Birdeye (Google),https://reviews.birdeye.com/americas-auto-auction-st-louis-165330156623701#review-2,birdeye_us_profile,Dmitry M.,2025-11-18,,negative,"That's an A+ service for the car pickup. They printed gate pass, gave me a ride to the car, jumpstarted and moved the car that blocked mine","Vehicle Pickup, Delivery and Scheduling",Pickup Order Management,Gate Pass Assistance
rvw-000021,birdeye.com,Birdeye (Google),https://reviews.birdeye.com/americas-auto-auction-st-louis-165330156623701?page=2#review-2,birdeye_us_profile,Dmitry M.,2025-11-18,,negative,"That's an A+ service for the car pickup. They printed gate pass, gave me a ride to the car, jumpstarted and moved the car that blocked mine","Vehicle Pickup, Delivery and Scheduling",Pickup Order Management,Gate Pass Assistance
rvw-000053,birdeye.com,Birdeye (Google),https://reviews.birdeye.com/americas-auto-auction-166658630045147#review-1,birdeye_us_profile,bassheadtahoe,2025-11-16,,negative,Its was either these people or the tow company that stole my multi thousand dollar audio system out of my car,"Vehicle Pickup, Delivery and Scheduling",Tow and Storage Charges,Tow and Storage Fees
rvw-000054,birdeye.com,Birdeye (Google),https://reviews.birdeye.com/americas-auto-auction-166658630045147#review-2,birdeye_us_profile,T Ashford,2025-11-16,,positive,"I love the atmosphere, no hassle. Workers are friendly and very helpful. It's like one big family with the buyers and sellers. Hassle free and awesome selection of cars.",Customer Service & Communication,Agent Professionalism & Responsiveness,Helpful Support Experience
rvw-000055,birdeye.com,Birdeye (Google),https://reviews.birdeye.com/americas-auto-auction-st-louis-165330156623701#review-2,birdeye_us_profile,Dmitry M.,2025-11-16,,negative,"That's an A+ service for the car pickup. They printed gate pass, gave me a ride to the car, jumpstarted and moved the car that blocked mine","Vehicle Pickup, Delivery and Scheduling",Pickup Order Management,Gate Pass Assistance
rvw-000077,birdeye.com,Birdeye (Google),https://reviews.birdeye.com/americas-auto-auction-166658630045147?page=2#review-1,birdeye_us_profile,bassheadtahoe,2025-11-04,,negative,Its was either these people or the tow company that stole my multi thousand dollar audio system out of my car,"Vehicle Pickup, Delivery and Scheduling",Tow and Storage Charges,Tow and Storage Fees
rvw-000078,birdeye.com,Birdeye (Google),https://reviews.birdeye.com/americas-auto-auction-166658630045147?page=2#review-2,birdeye_us_profile,T Ashford,2025-11-04,,positive,"I love the atmosphere, no hassle. Workers are friendly and very helpful. It's like one big family with the buyers and sellers. Hassle free and awesome selection of cars.",Customer Service & Communication,Agent Professionalism & Responsiveness,Helpful Support Experience
rvw-000079,birdeye.com,Birdeye (Google),https://reviews.birdeye.com/americas-auto-auction-st-louis-165330156623701#review-2,birdeye_us_profile,Dmitry M.,2025-11-04,,negative,"That's an A+ service for the car pickup. They printed gate pass, gave me a ride to the car, jumpstarted and moved the car that blocked mine","Vehicle Pickup, Delivery and Scheduling",Pickup Order Management,Gate Pass Assistance
rvw-000042,birdeye.com,Birdeye (Google),https://reviews.birdeye.com/americas-auto-auction-166658630045147#review-1,birdeye_us_profile,bassheadtahoe,2025-11-03,,negative,Its was either these people or the tow company that stole my multi thousand dollar audio system out of my car,"Vehicle Pickup, Delivery and Scheduling",Tow and Storage Charges,Tow and Storage Fees
rvw-000043,birdeye.com,Birdeye (Google),https://reviews.birdeye.com/americas-auto-auction-166658630045147#review-2,birdeye_us_profile,T Ashford,2025-11-03,,positive,"I love the atmosphere, no hassle. Workers are friendly and very helpful. It's like one big family with the buyers and sellers. Hassle free and awesome selection of cars.",Customer Service & Communication,Agent Professionalism & Responsiveness,Helpful Support Experience
rvw-000044,birdeye.com,Birdeye (Google),https://reviews.birdeye.com/americas-auto-auction-st-louis-165330156623701#review-2,birdeye_us_profile,Dmitry M.,2025-11-03,,negative,"That's an A+ service for the car pickup. They printed gate pass, gave me a ride to the car, jumpstarted and moved the car that blocked mine","Vehicle Pickup, Delivery and Scheduling",Pickup Order Management,Gate Pass Assistance
rvw-000065,birdeye.com,Birdeye (Google),https://reviews.birdeye.com/americas-auto-auction-st-louis-165330156623701#review-2,birdeye_us_profile,Dmitry M.,2025-10-29,,negative,"That's an A+ service for the car pickup. They printed gate pass, gave me a ride to the car, jumpstarted and moved the car that blocked mine","Vehicle Pickup, Delivery and Scheduling",Pickup Order Management,Gate Pass Assistance
rvw-000034,birdeye.com,Birdeye (Google),https://reviews.birdeye.com/americas-auto-auction-st-louis-165330156623701#review-2,birdeye_us_profile,Dmitry M.,2025-10-28,,negative,"That's an A+ service for the car pickup. They printed gate pass, gave me a ride to the car, jumpstarted and moved the car that blocked mine","Vehicle Pickup, Delivery and Scheduling",Pickup Order Management,Gate Pass Assistance
rvw-000080,birdeye.com,Birdeye (Google),https://reviews.birdeye.com/americas-auto-auction-166658630045147#review-5,birdeye_us_profile,Demetrius Smith,2025-10-05,,positive,I am a dealer and have been doing business with this auction for over 25 years before it was changed from tri state and the way I was treated by Julie K was not professional and very wrong I bout a car and sold it and and proof of sale and dated titled when sold she did not want to see it and barred my business from making any purchases and made me pay for tickets tickets that was caused by the buyer who bought the car and told me I responsible for someone else actions and wouldn't let me talk maria or Larry's she instructed... read more,Customer Service & Communication,Agent Professionalism & Responsiveness,Helpful Support Experience
rvw-000045,birdeye.com,Birdeye (Google),https://reviews.birdeye.com/americas-auto-auction-166658630045147#review-5,birdeye_us_profile,Demetrius Smith,2025-10-04,,positive,I am a dealer and have been doing business with this auction for over 25 years before it was changed from tri state and the way I was treated by Julie K was not professional and very wrong I bout a car and sold it and and proof of sale and dated titled when sold she did not want to see it and barred my business from making any purchases and made me pay for tickets tickets that was caused by the buyer who bought the car and told me I responsible for someone else actions and wouldn't let me talk maria or Larry's she instructed... read more,Customer Service & Communication,Agent Professionalism & Responsiveness,Helpful Support Experience
rvw-000066,birdeye.com,Birdeye (Google),https://reviews.birdeye.com/americas-auto-auction-166658630045147#review-5,birdeye_us_profile,Demetrius Smith,2025-09-29,,positive,I am a dealer and have been doing business with this auction for over 25 years before it was changed from tri state and the way I was treated by Julie K was not professional and very wrong I bout a car and sold it and and proof of sale and dated titled when sold she did not want to see it and barred my business from making any purchases and made me pay for tickets tickets that was caused by the buyer who bought the car and told me I responsible for someone else actions and wouldn't let me talk maria or Larry's she instructed... read more,Customer Service & Communication,Agent Professionalism & Responsiveness,Helpful Support Experience
rvw-000035,birdeye.com,Birdeye (Google),https://reviews.birdeye.com/americas-auto-auction-166658630045147#review-5,birdeye_us_profile,Demetrius Smith,2025-09-28,,positive,I am a dealer and have been doing business with this auction for over 25 years before it was changed from tri state and the way I was treated by Julie K was not professional and very wrong I bout a car and sold it and and proof of sale and dated titled when sold she did not want to see it and barred my business from making any purchases and made me pay for tickets tickets that was caused by the buyer who bought the car and told me I responsible for someone else actions and wouldn't let me talk maria or Larry's she instructed... read more,Customer Service & Communication,Agent Professionalism & Responsiveness,Helpful Support Experience
rvw-000022,birdeye.com,Birdeye (Google),https://reviews.birdeye.com/americas-auto-auction-166658630045147#review-5,birdeye_us_profile,Demetrius Smith,2025-09-19,,positive,I am a dealer and have been doing business with this auction for over 25 years before it was changed from tri state and the way I was treated by Julie K was not professional and very wrong I bout a car and sold it and and proof of sale and dated titled when sold she did not want to see it and barred my business from making any purchases and made me pay for tickets tickets that was caused by the buyer who bought the car and told me I responsible for someone else actions and wouldn't let me talk maria or Larry's she instructed... read more,Customer Service & Communication,Agent Professionalism & Responsiveness,Helpful Support Experience
rvw-000023,birdeye.com,Birdeye (Google),https://reviews.birdeye.com/americas-auto-auction-166658630045147?page=2#review-5,birdeye_us_profile,Demetrius Smith,2025-09-19,,positive,I am a dealer and have been doing business with this auction for over 25 years before it was changed from tri state and the way I was treated by Julie K was not professional and very wrong I bout a car and sold it and and proof of sale and dated titled when sold she did not want to see it and barred my business from making any purchases and made me pay for tickets tickets that was caused by the buyer who bought the car and told me I responsible for someone else actions and wouldn't let me talk maria or Larry's she instructed... read more,Customer Service & Communication,Agent Professionalism & Responsiveness,Helpful Support Experience
rvw-000056,birdeye.com,Birdeye (Google),https://reviews.birdeye.com/americas-auto-auction-166658630045147#review-5,birdeye_us_profile,Demetrius Smith,2025-09-17,,positive,I am a dealer and have been doing business with this auction for over 25 years before it was changed from tri state and the way I was treated by Julie K was not professional and very wrong I bout a car and sold it and and proof of sale and dated titled when sold she did not want to see it and barred my business from making any purchases and made me pay for tickets tickets that was caused by the buyer who bought the car and told me I responsible for someone else actions and wouldn't let me talk maria or Larry's she instructed... read more,Customer Service & Communication,Agent Professionalism & Responsiveness,Helpful Support Experience
rvw-000024,bbb.org,BBB Complaints,https://www.bbb.org/us/il/centreville/profile/auto-auction/americas-auto-auction-0734-310446804/complaints#0734_310446804_23564283,bbb_us_business,BBB complainant,2025-07-07,1,negative,"Billing Issues. On 6/26/25 I was issued a check Americas Auto Auction for a vehicle I sold. On 6/27/25, I picked the check up from the auction. I deposited the check on 6/30/25. On 7/3/25 I was alerted by my bank that the check had been returned. I contacted Americas Auto Auction and spoke to someone in accounting who told me that the vehicle was bought back and REMOVED said to stop payment on the check. I attempted to reach REMOVED and have been unsuccessful. I dont know why the vehicle was bought back considering all sales are final. I would not have been able to pick up the check had I not satisfied the requirements on my end. It seems this business is operating using discriminatory business practices and rules that apply to some, dont apply to all. I did not even receive a courtesy call letting me know that he was stopping payment on the check, so I have incurred additional fees by my bank. I operate a small business, so every dime matters to me.",Customer Service & Communication,Agent Professionalism & Responsiveness,Rude/Unhelpful Support
rvw-000081,bbb.org,BBB Complaints,http://www.bbb.org/us/il/centreville/profile/auto-auction/americas-auto-auction-0734-310446804/complaints#0734_310446804_23564283,bbb_us_business,BBB complainant,2025-07-07,1,negative,"Billing Issues complaint (Answered). On 6/26/25 I was issued a check Americas Auto Auction for a vehicle I sold. On 6/27/25, I picked the check up from the auction. I deposited the check on 6/30/25. On 7/3/25 I was alerted by my bank that the check had been returned. I contacted Americas Auto Auction and spoke to someone in accounting who told me that the vehicle was bought back and REMOVED said to stop payment on the check. I attempted to reach REMOVED and have been unsuccessful. I dont know why the vehicle was bought back considering all sales are final. I would not have been able to pick up the check had I not satisfied the requirements on my end. It seems this business is operating using discriminatory business practices and rules that apply to some, dont apply to all. I did not even receive a courtesy call letting me know that he was stopping payment on the check, so I have incurred additional fees by my bank. I operate a small business, so every dime matters to me.",Customer Service & Communication,Agent Professionalism & Responsiveness,Rude/Unhelpful Support
